1,8.416754,75.921057,21.635259,40.000000,2
2,8.725890,63.813564,19.718734,41.530427,2
3,0.000000,197.210213,19.045471,52.730745,3
4,8.733333,143.636181,17.621141,34.679911,2
5,1.747626,82.636672,12.209535,69.375882,3
6,-6.541057,19.726047,9.215187,14.247813,1
7,-2.937162,146.911825,2.796695,32.957478,2
8,-0.000000,127.461258,14.401656,71.214749,3
9,8.733333,14.768375,19.007228,29.256709,2
10,8.733333,24.101633,6.041166,13.222719,1
11,-7.870026,196.319242,18.483607,48.051479,2
12,8.733333,99.359884,1.556615,36.227601,2
13,8.646395,4.482731,8.333426,13.250598,1
14,2.430914,10.766310,5.899728,34.472151,2
15,8.562789,28.174760,3.364266,13.277546,1
16,-8.669496,178.694862,13.881991,66.628240,3
17,-0.000000,93.164015,6.960246,65.418195,3
18,8.690040,112.171348,21.100461,31.158291,2
19,6.422720,98.891269,10.970828,44.114794,2
20,8.733333,13.557098,16.249387,39.142868,2
21,-0.000000,179.529308,0.280625,40.000000,2
22,0.000000,57.713062,13.317770,74.657403,3
23,8.733333,53.809363,12.681929,50.488012,3
24,8.733333,118.838835,17.762334,45.614200,2
25,4.982862,95.175805,14.409297,65.352296,3
26,5.854899,73.662208,19.321025,50.660802,3
27,8.700974,131.122218,19.852204,24.094753,1
28,-0.000000,187.640081,3.349123,40.000000,2
29,4.748462,124.085037,4.236762,36.083296,2
30,-6.274239,56.568018,17.401464,50.453459,3
31,3.704673,41.036250,1.335512,39.622876,2
32,-4.828968,87.826816,8.576198,47.536206,2
33,-3.984177,5.450044,6.599249,28.900535,2
34,0.000000,175.236867,16.151958,67.097493,3
35,-4.333333,122.018449,2.292604,39.224051,2
36,8.733333,40.718476,17.436661,41.969857,2
37,5.728301,103.983365,17.220037,52.101878,3
38,3.509007,10.764860,11.712749,44.273837,2
39,8.552795,172.437486,5.573752,13.280776,1
40,-4.346551,88.586933,1.561001,50.094948,3
41,4.691008,109.601831,13.767673,56.691859,3
42,4.833042,113.372166,0.542992,36.470982,2
43,8.509907,136.078998,1.364935,13.294660,1
44,7.387691,74.275716,2.851464,40.000000,2
45,-4.352375,15.645742,9.913510,27.016105,2
46,-0.000000,91.270145,14.791389,86.379068,4
47,0.999438,9.568760,18.834438,51.915496,3
48,4.726229,147.651398,10.965799,35.691798,2
49,6.638480,7.600307,1.073259,14.189329,1
50,8.617869,190.848865,6.904312,13.259777,1
51,-4.130052,148.474467,14.115886,67.970761,3
52,5.011175,187.489913,17.300506,40.940036,2
53,4.747456,102.672797,6.361311,41.419191,2
54,-4.339555,48.180960,10.953096,43.884297,2
55,-4.401719,51.993056,18.005562,49.316523,2
56,0.856096,151.794832,13.092822,59.072640,3
57,8.733333,198.668553,11.801341,31.011732,2
58,1.488913,71.341150,7.279209,61.901092,3
59,4.666667,150.571568,9.057185,25.170488,2
60,0.000000,22.009699,17.468137,59.657980,3
61,8.646427,119.409046,7.550581,27.639744,2
62,-4.410221,86.119040,10.177348,50.673164,3
63,-0.000000,146.143603,8.092121,40.000000,2
64,4.878965,52.235234,14.950554,56.499156,3
65,8.654423,18.961536,12.491139,34.417369,2
66,8.733333,90.192698,14.339091,68.112125,3
67,3.408028,128.014902,10.804502,43.533445,2
68,-4.408636,26.407763,8.766081,26.699323,2
69,0.000000,90.564486,10.504653,69.434537,3
70,-4.412917,130.439920,1.464928,33.337473,2
71,8.678967,165.399666,9.042627,13.384378,1
72,-5.426449,61.615382,21.320023,54.372414,3
73,8.599018,80.472716,17.175863,60.758426,3
74,-8.457627,176.846263,16.038394,67.736528,3
75,8.733333,140.115902,16.844314,37.134587,2
76,4.699808,48.374459,16.644778,53.940845,3
77,-4.359020,151.966363,18.551947,43.227588,2
78,-4.406177,58.185147,16.943451,55.643860,3
79,-0.000000,55.487744,21.530540,66.620939,3
80,1.245285,1.221561,2.449908,37.392496,2
81,-0.000000,74.942228,8.713693,68.311181,3
82,8.500816,87.386556,10.825334,47.487664,2
83,2.229693,60.859694,5.678082,52.182483,3
84,4.666667,58.172066,0.813257,40.808751,2
85,8.733333,48.503262,21.436389,29.163942,2
86,0.794381,187.336722,15.981372,64.674411,3
87,8.595040,172.038048,3.255226,13.267135,1
88,6.968751,79.445652,3.253680,40.000000,2
89,3.332657,95.883821,15.506130,69.819353,3
90,4.666667,112.999219,8.381857,37.340252,2
91,-4.333333,97.923878,1.681052,45.842463,2
92,-4.409025,53.962327,9.038488,39.612367,2
93,4.666667,197.948028,3.145792,25.170488,2
94,8.622435,36.735139,17.576243,37.120310,2
95,8.655717,172.331345,20.465460,13.747919,1
96,-4.373609,6.526514,0.103829,26.897046,2
97,2.645752,66.391604,14.300893,73.578844,3
98,-0.000000,149.749399,14.927714,68.333333,3
99,0.000000,128.873292,5.579703,45.601011,2
100,-0.000000,33.847593,18.549980,55.723204,3
101,-4.339415,190.441020,6.467093,27.088635,2
102,8.719198,108.654047,0.590928,32.657725,2
103,3.119855,50.282695,2.052758,45.839017,2
104,-0.000000,115.714462,17.553469,66.327060,3
105,0.000000,183.095320,15.650858,68.333333,3
106,4.667110,179.119305,17.234949,42.989280,2
107,-5.393194,96.501323,13.726298,65.004885,3
108,4.744786,88.547996,18.159140,58.163362,3
109,5.396578,62.350990,0.770497,39.399929,2
110,8.669639,11.062754,8.920449,13.310186,1
111,-0.000000,150.758355,5.492713,40.000000,2
112,-4.344878,26.389496,10.579731,34.245710,2
113,-4.385618,71.184424,19.378461,72.833108,3
114,8.733333,79.174193,6.175066,40.000000,2
115,0.000000,177.104245,13.181135,62.442857,3
116,8.733333,4.247910,0.576975,13.222719,1
117,4.666667,168.816144,3.414371,25.170488,2
118,8.733333,57.614129,18.346039,49.435843,2
119,-4.333333,50.068577,4.287654,39.269633,2
120,4.685234,97.675927,18.255337,53.939028,3
121,-4.333333,145.807223,7.437647,27.122607,2
122,8.733333,40.523219,14.764564,46.828955,2
123,-4.401856,43.255241,1.152059,38.676383,2
124,5.552935,195.266903,16.154799,42.468239,2
125,8.447607,118.647158,10.988599,37.302931,2
126,8.733333,60.880716,20.752599,35.344293,2
127,-7.762508,193.540577,6.374993,13.594425,1
128,4.778407,179.193966,8.284329,24.467235,1
129,-4.415686,38.005095,2.502618,32.878573,2
130,8.470195,0.359865,21.226716,13.308640,1
131,-0.000000,142.352753,9.515254,40.000000,2
132,8.733333,173.545358,1.860390,13.222719,1
133,-4.349256,23.661582,15.766881,50.081238,3
134,-4.713469,7.804595,11.149322,36.178847,2
135,-6.491008,119.638905,7.217930,27.511640,2
136,-8.731681,120.862701,16.577531,60.157580,3
137,8.733333,103.286482,18.392128,50.276392,3
138,3.294140,1.501481,5.581760,31.744977,2
139,-0.000000,137.786673,11.757350,53.971396,3
140,-4.576871,189.204075,9.573635,25.725542,2
141,8.426321,174.707291,3.469491,13.324530,1
142,4.682613,22.655291,13.210586,44.814674,2
143,-0.000000,70.913868,20.623917,86.379536,4
144,4.667353,48.387366,2.370689,37.217551,2
145,4.773039,112.066662,19.799592,41.041800,2
146,-8.698303,122.545422,12.110230,47.432763,2
147,-4.395341,60.161818,9.401847,43.294546,2
148,-4.421942,159.628343,3.352378,26.623777,2
149,0.000000,159.128325,5.446012,40.000000,2
150,-4.397278,156.218453,9.842113,26.763619,2
151,4.733943,70.219686,11.721236,57.424511,3
152,-8.723702,10.859471,7.802325,13.225801,1
153,8.733333,141.740923,17.008526,36.598324,2
154,8.733333,198.585688,19.396985,25.660732,2
155,4.666667,32.495297,16.150026,47.741742,2
156,4.443272,22.713268,8.941509,26.502168,2
157,-0.000000,182.575085,13.291932,63.142739,3
158,8.733333,96.331396,14.104311,62.931130,3
159,0.000000,170.361190,2.804270,40.000000,2
160,-4.333333,161.982761,10.916224,37.415232,2
161,8.631714,37.351909,6.830326,17.514986,1
162,4.807981,49.439971,12.728638,51.192846,3
163,-8.465044,10.837768,20.759397,13.519376,1
164,-0.000000,121.792291,9.392671,50.323375,3
165,-8.656889,155.446486,0.728826,13.247225,1
166,-4.333333,102.212818,20.447545,54.076563,3
167,8.733333,5.550018,20.349610,13.846499,1
168,8.733333,198.077056,7.882752,13.222719,1
169,4.666667,100.187985,5.719761,43.044019,2
170,-8.712788,66.399497,17.310912,61.050633,3
171,-4.390138,34.776628,11.254809,38.702481,2
172,4.712156,125.127279,12.375597,47.170756,2
173,8.733333,115.026967,15.065463,53.770026,3
174,-4.333333,150.197077,2.032725,27.122607,2
175,0.000000,30.703760,19.196737,51.469253,3
176,-5.287506,71.357439,20.744633,70.037375,3
177,4.733317,28.790160,2.125073,24.753025,1
178,4.650340,170.121531,18.609415,37.874175,2
179,4.729755,67.573948,20.006704,50.865816,3
180,4.686898,55.039299,0.249505,38.951454,2
181,4.675953,1.202195,11.521019,38.028734,2
182,1.986337,160.382394,14.307596,60.005490,3
183,8.691939,99.481657,8.473198,36.177124,2
184,-4.353895,107.568568,14.284645,72.939708,3
185,3.917318,174.182505,16.782777,48.524877,2
186,-4.432139,144.568714,12.665092,49.866702,2
187,4.788694,133.617186,13.902221,48.178372,2
188,-0.000000,35.765558,6.120488,41.122404,2
189,5.730405,110.099071,18.476401,45.986862,2
190,-8.646687,191.975016,9.390369,13.631711,1
191,8.733333,119.204334,13.895692,51.368105,3
192,8.591082,161.714142,18.336274,32.583610,2
193,4.666667,196.906471,5.944080,25.170488,2
194,-0.000000,177.184890,8.817616,40.000000,2
195,-0.000000,42.767401,12.193601,61.613925,3
196,2.783609,6.926012,9.765038,33.440190,2
197,4.666667,90.224758,1.988451,48.300581,2
198,4.666667,2.758911,16.376389,46.724307,2
199,8.622516,94.742150,0.717540,38.047117,2
200,7.138067,190.239418,9.454336,13.906053,1
201,4.722442,49.790456,0.819770,36.880124,2
202,4.842267,77.284560,21.467551,51.630618,3
203,8.733333,86.286675,11.491478,52.269274,3
204,-0.000000,166.177297,20.011860,40.000000,2
205,4.702901,164.929364,8.431454,24.944371,1
206,8.733333,90.599722,19.457949,48.430778,2
207,8.733333,76.112034,5.610387,40.000000,2
208,-0.000000,185.173709,19.999097,40.018794,2
209,4.637416,148.168725,19.680330,33.652137,2
210,3.652608,147.526615,8.767378,30.369240,2
211,-4.367224,189.383200,13.750440,62.949961,3
212,2.399230,102.019941,12.487140,59.968860,3
213,-0.000000,158.375837,19.679261,45.733744,2
214,-5.189210,90.434700,4.711648,45.203045,2
215,8.480898,169.839742,0.084901,13.304770,1
216,-4.357390,78.086166,19.372792,72.927965,3
217,-4.387815,147.675302,5.172676,26.817055,2
218,-8.685328,195.287711,5.387022,13.238096,1
219,-8.518058,104.659812,14.100175,68.301636,3
220,3.545085,85.983060,6.699539,53.857717,3
221,3.112274,41.431617,18.163658,50.845545,3
222,8.733333,64.680276,19.441152,45.796354,2
223,-0.000000,22.174044,20.798205,40.000000,2
224,0.000000,75.042011,8.597497,68.318454,3
225,8.733333,65.980796,17.629041,56.224254,3
226,8.733333,68.421034,3.456492,39.186259,2
227,1.275113,163.423770,13.753639,61.329140,3
228,-4.333333,106.337063,15.377678,73.008791,3
229,-4.906569,104.224410,1.889117,39.890650,2
230,4.250577,154.861942,11.685951,40.626329,2
231,4.666667,24.052554,19.548463,36.019602,2
232,-4.417639,125.090030,5.800652,38.374602,2
233,2.791860,69.329737,5.165282,56.434597,3
234,6.763737,66.923877,18.472459,53.833877,3
235,-4.378790,114.923313,10.901881,43.397304,2
236,0.000000,172.787528,3.352060,40.000000,2
237,2.014211,39.712614,5.076899,41.816499,2
238,-0.605884,134.490193,14.474987,68.505563,3
239,-0.000000,180.366274,12.384864,57.705693,3
240,-0.000000,39.831436,6.420232,46.118635,2
241,-4.333333,59.656830,13.690710,59.831392,3
242,-4.417692,99.304054,15.749919,72.726866,3
243,8.474022,177.980846,6.176083,13.307256,1
244,-4.333333,100.282918,9.070009,44.605888,2
245,8.709013,55.399048,7.968526,32.948143,2
246,8.386298,106.791636,17.190624,52.514275,3
247,4.666667,114.849911,2.980717,37.221757,2
248,4.004306,82.560880,19.845529,57.865142,3
249,-4.393473,2.952733,6.371994,26.785120,2
250,4.093703,140.552961,10.990274,38.765812,2
251,8.733333,101.349430,17.238989,54.093861,3
252,2.501977,76.253220,14.895365,79.563782,4
253,-0.000000,12.986307,3.295858,40.000000,2
254,-4.387274,71.715992,15.325629,72.827543,3
255,4.666667,46.850249,2.838287,37.221757,2
256,-0.000000,40.700811,20.810818,51.004858,3
257,4.994528,162.755917,19.501061,33.547564,2
258,4.791327,78.686919,11.330101,55.001355,3
259,-0.000000,10.715034,14.946992,68.333333,3
260,8.733333,75.010316,21.489454,40.000000,2
261,-4.333333,154.998835,2.760128,27.122607,2
262,8.733333,33.059524,16.549347,38.119804,2
263,8.682577,182.443779,18.195142,33.026006,2
264,8.725645,63.841156,17.191467,56.130941,3
265,-4.375180,65.955934,4.199419,47.174139,2
266,-4.417573,40.847134,9.430109,37.290774,2
267,4.667477,153.442947,0.318048,25.165455,2
268,5.011920,13.994630,7.156281,22.889810,1
269,-4.336434,190.006790,2.963445,27.105292,2
270,7.517348,31.641957,9.911384,14.086334,1
271,-4.333333,57.289173,12.590048,53.195795,3
272,4.743951,137.425823,17.424512,41.826911,2
273,-0.000000,28.229965,9.234205,40.000000,2
274,8.621426,102.417330,11.715804,47.068722,2
275,7.034624,144.265385,20.365497,13.962178,1
276,8.733333,185.769027,19.779800,19.446045,1
277,8.733333,146.420770,11.986335,32.017263,2
278,4.666999,149.969604,19.824727,30.165631,2
279,5.963657,81.463921,1.140188,40.265853,2
280,-4.415092,47.898339,17.789255,50.132705,3
281,-4.333333,104.170095,7.367901,42.653172,2
282,4.891346,43.815472,5.031029,35.272864,2
283,-0.000000,168.477581,18.092840,57.532698,3
284,-0.000000,132.586582,7.661161,42.427771,2
285,8.733333,163.247057,3.640353,13.222719,1
286,4.670331,158.775520,0.618938,25.147713,2
287,4.677275,93.821041,21.018135,50.845843,3
288,8.733333,61.904996,14.966396,60.607218,3
289,8.733333,137.515850,18.932367,29.753523,2
290,4.667368,197.370445,20.660057,25.166132,2
291,-4.349674,153.986775,14.964267,67.990501,3
292,0.000000,165.916169,20.183322,40.000000,2
293,8.733333,141.216953,5.647217,13.222719,1
294,0.000000,119.067284,19.483599,58.324351,3
295,4.034649,150.574824,20.240941,28.660664,2
296,-6.656512,99.344441,6.601396,35.879893,2
297,8.733333,173.026531,1.614601,13.222719,1
298,6.865588,13.605539,16.882772,36.763396,2
299,-0.000000,193.709188,1.868949,40.000000,2
300,-0.000000,19.751262,16.032810,68.059483,3
301,-8.731950,109.395417,9.853572,32.199791,2
302,2.363371,80.593982,14.327471,80.023053,4
303,-6.448771,21.408031,3.729041,14.304127,1
304,-4.333333,144.833234,11.691883,43.939640,2
305,4.181350,122.736470,13.943619,57.388026,3
306,-4.867694,156.593639,0.310112,23.876326,1
307,8.499824,113.324116,10.348169,33.627949,2
308,8.733333,162.263832,19.499171,24.311636,1
309,7.621250,115.355172,2.508626,29.717552,2
310,-4.335593,188.805839,9.735905,27.109989,2
311,4.758520,174.290430,14.510054,47.926510,2
312,2.524395,101.520442,6.485005,51.096191,3
313,8.733333,157.764633,20.908105,13.416866,1
314,4.733045,94.606128,15.274297,66.543559,3
315,8.733333,165.760340,4.549744,13.222719,1
316,4.672405,64.496318,12.204771,55.592917,3
317,4.701824,195.229307,19.344127,36.525443,2
318,8.733333,55.642208,12.272869,48.257909,2
319,-5.696687,14.566161,16.551349,39.900067,2
320,-4.392733,150.244721,19.687817,34.506308,2
321,-4.344476,166.237724,18.520572,43.315258,2
322,4.804777,184.467619,2.878847,24.297646,1
323,8.733333,65.404859,4.161387,37.651340,2
324,8.733333,160.813853,3.380076,13.222719,1
325,-4.333333,107.650067,0.635845,41.004697,2
326,4.352674,92.658976,0.199868,48.593481,2
327,4.675625,164.150050,13.121938,44.464851,2
328,-0.000000,190.381301,13.399085,63.853010,3
329,-0.000000,15.254578,20.216316,40.000000,2
330,-0.000000,141.734213,16.138638,67.202584,3
331,-1.951158,46.985289,6.625233,47.954359,2
332,3.281526,79.779112,10.902639,58.935235,3
333,0.000000,53.624885,5.679587,56.036272,3
334,8.733333,166.502663,16.122796,39.572954,2
335,-4.349131,199.074762,2.568737,27.034254,2
336,0.000000,129.950197,16.412914,67.020692,3
337,-0.000000,140.790566,17.815360,58.406172,3
338,-8.615730,186.460640,16.395141,63.154542,3
339,3.670288,137.530510,7.417153,30.295729,2
340,-0.000000,113.670784,12.855150,69.052193,3
341,8.558065,76.169506,10.316946,43.130778,2
342,8.733333,126.915897,1.919831,22.331527,1
343,-5.603341,72.645724,18.231783,69.160384,3
344,8.723248,81.523889,15.090784,68.308305,3
345,-4.064259,73.739945,5.881151,51.483776,3
346,2.595292,93.679752,21.328638,64.408733,3
347,-0.000000,100.682769,4.043032,60.424651,3
348,8.589238,182.107156,6.598700,13.269006,1
349,-0.000000,41.286204,9.046068,47.581856,2
350,8.733333,67.720735,5.202762,38.823055,2
351,-1.716641,114.825124,4.291217,50.044715,3
352,6.107471,97.386488,15.518344,61.314041,3
353,4.776906,52.443797,3.972062,37.236028,2
354,4.666667,115.918693,11.491324,45.727714,2
355,5.925301,175.665540,6.515780,15.312713,1
356,1.620369,12.190044,10.181202,38.129735,2
357,-8.382377,88.175294,20.355113,68.233427,3
358,-4.396324,16.851600,4.749561,26.769012,2
359,8.733333,112.647523,0.022195,30.951150,2
360,-5.031883,107.862116,19.945337,49.364202,2
361,-4.674273,153.611580,14.960923,68.023536,3
362,4.666667,46.618054,11.328940,44.355976,2
363,8.733333,117.472348,11.485515,41.743423,2
364,0.492529,91.794773,2.264209,64.610529,3
365,-4.354706,172.196304,21.931371,27.003064,2
366,4.791359,132.167219,7.897314,29.167781,2
367,3.000849,70.775833,13.755337,75.162646,4
368,8.733333,69.437260,8.654063,39.705234,2
369,-4.777244,50.743620,0.168574,36.546352,2
370,8.579988,190.505629,11.996269,32.069094,2
371,4.723325,59.640198,11.200428,47.794424,2
372,4.834722,31.681216,5.429136,24.097968,1
373,-5.111084,72.259411,0.998696,45.913294,2
374,4.709820,148.325819,18.518054,37.902399,2
375,4.666667,141.180002,1.061498,25.170488,2
376,-4.333333,140.178435,6.959051,27.122607,2
377,-0.000000,1.245157,17.235227,60.634140,3
378,-6.161352,74.869120,21.392801,68.155119,3
379,-0.000000,180.299124,12.902210,60.732522,3
380,4.666667,63.668966,17.116965,57.362005,3
381,-8.424780,119.416585,16.009344,67.971030,3
382,-1.960906,59.559036,14.321710,70.352386,3
383,4.676667,25.002876,14.621530,48.371169,2
384,-4.420571,77.671134,20.653156,72.717441,3
385,8.730939,163.537549,11.771788,30.844522,2
386,8.733333,196.235141,8.765683,13.225750,1
387,8.377364,172.397967,14.750069,40.000000,2
388,4.681225,16.764176,9.691758,25.079877,2
389,-0.000000,67.542398,2.923227,65.495118,3
390,-4.482836,47.225833,9.662482,38.357186,2
391,8.733333,63.561078,12.048140,51.229343,3
392,8.413782,196.889681,8.693000,13.329081,1
393,8.733333,109.650178,8.761984,32.239821,2
394,-4.416725,149.850252,16.529670,58.507726,3
395,1.577709,168.370347,11.491708,48.079933,2
396,0.000000,33.377941,10.789527,47.206685,2
397,4.715908,180.619522,1.950937,24.862717,1
398,3.220530,21.024826,5.518736,32.007096,2
399,-4.372221,149.018619,9.846299,26.904847,2
400,-4.347558,145.874388,14.035140,67.990318,3
401,-0.000000,143.493920,15.607796,68.333333,3
402,-4.333333,26.686354,21.837636,27.122607,2
403,3.050561,89.157800,20.508287,64.050066,3
404,2.815608,101.757446,2.029049,49.972351,2
405,3.288762,106.098058,20.977879,52.736323,3
406,6.032546,171.943409,3.581504,14.569116,1
407,4.710040,135.544982,21.350012,24.899587,1
408,-4.333333,161.167652,13.134147,54.137239,3
409,-4.333333,106.248574,5.284997,41.656353,2
410,-0.536981,191.179168,1.546494,38.899227,2
411,4.666667,13.335389,6.600907,25.170488,2
412,4.745742,108.303605,17.897986,49.732952,2
413,4.757336,56.332069,1.687617,39.331362,2
414,8.733333,96.180067,7.798408,37.477275,2
415,7.285944,136.972756,2.904239,13.827638,1
416,8.721569,41.651678,3.479952,23.417883,1
417,4.062598,121.632198,1.367235,40.964474,2
418,4.050457,65.235234,15.440557,67.248072,3
419,-4.333333,176.169440,1.902597,27.122607,2
420,4.671083,26.678923,13.569319,46.460253,2
421,8.619239,20.481558,3.822975,13.259336,1
422,4.719939,191.823381,14.330823,48.136729,2
423,-4.418622,30.580400,10.971321,37.589263,2
424,-4.422291,30.507616,6.259235,26.621792,2
425,0.000000,31.110518,18.272314,56.901921,3
426,0.079954,17.913881,18.003917,57.610773,3
427,2.081497,90.884912,20.639727,69.498565,3
428,-0.000000,133.779139,0.007174,41.266255,2
429,4.669901,166.260336,14.088563,48.407698,2
430,8.584883,158.047027,0.161825,13.270411,1
431,-0.000000,142.542184,2.341264,40.000000,2
432,8.733333,94.519501,2.349477,38.143660,2
433,1.796020,141.717630,8.076399,36.116057,2
434,8.733333,191.611896,5.271369,13.222719,1
435,-4.639987,101.155112,7.615084,42.690147,2
436,4.852647,61.010623,5.491636,41.581511,2
437,-2.233876,157.962237,8.515415,35.005926,2
438,4.830309,47.277393,9.262844,36.220294,2
439,3.270827,46.860567,14.081700,62.979370,3
440,0.000000,92.939880,17.326165,81.414567,4
441,-8.412624,123.877360,5.939877,24.784341,1
442,-5.148949,123.065880,18.567612,47.295856,2
443,4.786111,24.524780,16.290304,46.473131,2
444,8.636642,24.758706,18.174243,33.076554,2
445,4.682901,56.891798,4.008229,39.996034,2
446,8.633916,147.146561,1.439596,13.254612,1
447,4.895781,82.261621,13.427706,65.949729,3
448,-4.333333,165.796379,15.434162,67.989083,3
449,2.001843,187.022823,2.455590,35.609942,2
450,-0.000000,79.813332,2.108122,68.333333,3
451,8.733333,10.442276,13.152343,37.044385,2
452,-7.778053,114.237220,17.869117,49.535736,2
453,4.667511,149.533995,17.920720,40.242851,2
454,4.717930,64.048712,1.967613,44.185022,2
455,4.683595,98.586864,16.088132,62.831128,3
456,6.766857,44.330551,19.884845,28.573660,2
457,3.868413,187.854749,9.949099,29.441386,2
458,6.547685,96.461058,1.555129,37.082866,2
459,3.530519,107.999217,5.308119,44.245857,2
460,-5.282645,44.211420,16.101031,52.587267,3
461,-4.411207,19.189000,0.890816,26.684745,2
462,7.562424,12.033083,9.339501,13.688961,1
463,4.666667,163.901775,11.884732,39.515259,2
464,-4.336197,154.295661,20.984212,27.106616,2
465,-0.000000,39.139146,4.595926,45.367518,2
466,4.668752,179.023631,2.559306,25.157530,2
467,0.000000,136.860029,14.216841,68.326459,3
468,8.721317,131.369296,2.385044,17.820575,1
469,-4.397472,198.076240,21.636932,26.762523,2
470,8.733333,6.738359,5.463569,13.222719,1
471,-3.234153,84.850654,13.339826,70.545824,3
472,8.510094,97.996735,17.967296,53.739088,3
473,-4.635121,116.700894,18.261193,49.231711,2
474,0.000000,16.653950,10.758865,46.958595,2
475,-4.389649,132.030926,16.736022,57.450814,3
476,-0.000000,10.461044,20.132375,40.000000,2
477,2.641717,111.366107,19.821449,55.323747,3
478,1.728376,142.405050,4.713225,36.279965,2
479,0.000000,97.582125,12.035344,69.474177,3
480,4.722727,123.520129,17.263609,49.440100,2
481,4.729413,42.755515,4.277704,36.215055,2
482,4.991060,129.131732,16.431561,48.584250,2
483,3.376501,76.128458,10.462281,56.598933,3
484,8.733333,20.742568,12.831689,35.826758,2
485,-4.410545,75.502304,5.732058,49.770263,2
486,6.632830,52.572162,1.866094,31.326332,2
487,-4.392056,48.257123,6.558923,38.910706,2
488,-5.177616,124.584810,20.176846,40.708833,2
489,4.668700,104.585552,10.351400,42.687542,2
490,0.116722,82.647549,5.928286,67.751645,3
491,4.669085,43.558407,16.785350,51.900275,3
492,4.765516,171.710723,16.987786,43.535006,2
493,8.536434,172.201651,0.468592,13.286068,1
494,-0.000000,56.787802,19.359696,64.528240,3
495,4.765725,123.078570,17.559744,48.271514,2
496,-0.000000,155.897900,7.131635,40.000000,2
497,8.733333,190.969462,14.718977,40.000000,2
498,8.733333,183.920649,6.518465,13.222719,1
499,-4.411708,76.963141,20.458945,72.746454,3
500,3.550200,32.528603,6.203130,30.781183,2
501,4.666667,159.350284,3.715359,25.170488,2
502,4.666667,22.763436,16.393665,46.647358,2
503,8.682100,31.764860,10.496956,20.441376,1
504,-8.370873,71.165623,14.375780,68.294339,3
505,-0.908500,169.551713,21.264671,38.121796,2
506,-5.244402,116.556239,6.886605,33.656494,2
507,8.733333,117.235533,1.681668,28.794334,2
508,4.724795,185.167598,17.411133,41.975498,2
509,-0.000000,115.015654,8.038448,53.775206,3
510,4.711523,1.995479,12.872187,43.214867,2
511,-0.000000,161.875457,4.033408,40.000000,2
512,4.728601,121.761672,1.692217,36.561693,2
513,-0.000000,95.982736,3.380581,63.265083,3
514,7.502121,53.688032,18.191272,47.703331,2
515,4.666667,51.619277,6.621048,37.348560,2
516,8.733333,96.201907,8.445459,37.468427,2
517,0.000000,45.468297,14.316477,74.190671,3
518,-8.703394,9.720460,17.982152,33.621408,2
519,-4.870699,33.848363,16.857857,43.529573,2
520,-5.909374,51.689262,8.231862,31.174195,2
521,-0.000000,39.582012,4.176975,45.849660,2
522,4.677920,121.138613,14.223039,55.839921,3
523,4.773315,164.740729,0.079317,24.499638,1
524,8.531563,162.122993,6.223534,13.287645,1
525,4.624736,160.447403,14.049213,48.650670,2
526,8.554259,141.622675,13.025641,36.576034,2
527,8.504368,171.875571,7.156363,13.296456,1
528,8.733333,156.216904,21.756928,13.222719,1
529,-4.355487,40.759370,2.711189,37.384854,2
530,-8.654622,198.668650,16.189294,65.675227,3
531,5.815418,18.724906,3.445574,16.354772,1
532,-4.333333,130.123709,9.562243,34.055743,2
533,4.666667,43.035305,18.309351,45.371429,2
534,4.666667,48.774620,7.918010,37.221757,2
535,8.733333,67.937561,1.677237,38.934750,2
536,0.355215,39.572468,12.252362,58.824849,3
537,-0.000000,101.366675,6.026465,60.068966,3
538,3.463936,190.151597,2.905203,31.114171,2
539,8.709980,78.921444,15.392407,68.307876,3
540,4.666667,116.892968,10.689908,40.631706,2
541,-0.000000,121.307449,4.019758,50.604093,3
542,-4.734839,142.928573,2.226720,24.743413,1
543,4.666667,80.307271,4.434855,48.425147,2
544,-4.417626,171.738204,2.964412,26.648308,2
545,-4.333333,184.096996,7.123361,27.122607,2
546,5.569639,150.167778,20.911991,18.547756,1
547,-4.397425,57.118341,11.706872,49.893079,2
548,4.685608,159.363158,5.449086,25.052535,2
549,3.233953,28.553166,9.620078,31.959549,2
550,2.776518,100.910038,14.719931,67.610640,3
551,8.701368,122.137590,12.049306,43.509864,2
552,4.793094,140.759347,13.399199,45.061057,2
553,5.140864,76.667986,18.988965,55.273241,3
554,3.627503,145.736687,8.375311,30.473107,2
555,4.685739,177.456936,16.477024,46.180062,2
556,-4.333333,11.169664,3.447330,27.122607,2
557,-0.137181,27.643269,1.278724,39.716890,2
558,2.448529,172.612996,7.473553,34.422114,2
559,-2.722935,84.349297,17.977881,78.809248,4
560,-4.359432,82.262835,8.306049,50.029621,3
561,8.733333,191.828268,21.397309,13.222719,1
562,4.706711,150.049059,13.317009,45.156909,2
563,8.733333,196.199423,7.441196,13.222719,1
564,1.937137,46.703161,20.415642,53.882948,3
565,8.524060,19.245352,19.765343,19.748232,1
566,4.787367,76.916440,18.715542,56.547358,3
567,8.733333,100.054510,5.649422,35.963783,2
568,6.758541,114.051174,6.280901,30.322787,2
569,4.842553,195.326319,17.158832,42.413797,2
570,-4.376861,98.571036,15.430695,72.862537,3
571,8.701973,80.176573,10.835259,47.564399,2
572,8.644059,198.998052,21.288690,13.251349,1
573,2.711346,52.199602,10.475553,49.561219,2
574,4.822126,133.064942,21.887921,29.466906,2
575,-0.000000,192.851323,10.792730,47.232506,2
576,8.733333,134.230207,11.075975,27.270048,2
577,8.521278,59.834971,16.913003,55.076872,3
578,-4.515370,106.225305,8.537859,40.855575,2
579,8.733333,0.292635,9.971704,14.144699,1
580,8.730610,176.757762,2.922787,13.223590,1
581,4.666667,80.876771,16.687139,65.702769,3
582,8.711285,60.241117,12.435213,50.912984,3
583,4.378422,190.116318,14.270005,49.933128,2
584,-4.336864,92.129639,17.557277,68.264899,3
585,-8.610538,57.529502,4.849861,33.928069,2
586,-0.000000,16.925328,18.873597,53.933846,3
587,8.665712,116.436267,19.904036,31.010935,2
588,8.717783,30.613739,6.424437,13.227695,1
589,8.699782,14.618861,15.969135,40.000000,2
590,3.604117,116.112955,7.467808,43.675089,2
591,-0.000000,57.402950,5.998987,58.071847,3
592,-8.687090,72.384017,3.746041,40.000000,2
593,-4.333526,144.964939,14.608401,67.989100,3
594,-4.945253,171.662336,11.788736,45.110278,2
595,4.980457,69.583137,18.240407,57.177129,3
596,4.666667,192.349121,5.881966,25.170488,2
597,-4.354355,190.713810,3.875427,27.005028,2
598,4.666667,41.207475,9.486100,36.230744,2
599,-4.743557,153.648972,10.464411,31.192526,2
600,-4.379355,123.106376,17.274860,55.588832,3
601,8.733333,183.784497,2.874335,13.222719,1
602,4.666667,120.507452,1.129826,37.093275,2
603,8.733333,140.427646,13.805142,39.327531,2
604,5.839837,148.734991,0.639926,16.122401,1
605,4.691179,77.020455,2.996281,48.292702,2
606,8.733333,50.300758,15.280223,54.197268,3
607,8.733333,7.351947,11.344937,28.117106,2
608,8.733333,94.424575,11.936813,52.608561,3
609,-5.332482,129.014466,17.786637,50.937121,3
610,8.733333,55.793988,17.461093,51.301052,3
611,4.018507,103.572182,11.041076,49.439000,2
612,8.733333,49.133328,6.085905,29.556627,2
613,4.666667,59.501635,2.632629,41.597008,2
614,4.666667,130.094819,19.505151,39.638345,2
615,8.733333,178.278661,21.346358,13.222719,1
616,-8.517411,172.221293,20.735579,13.536814,1
617,-0.000000,41.983015,14.038819,72.143031,3
618,8.733333,79.818782,1.992983,40.000000,2
619,4.666667,177.576605,1.643579,25.170488,2
620,8.733333,51.305602,4.013921,30.813425,2
621,8.720590,193.360321,0.697129,13.226797,1
622,4.666667,123.831471,15.948599,54.919290,3
623,-4.419355,33.069153,3.171494,26.638484,2
624,2.493351,165.239806,13.990390,58.043393,3
625,-4.333333,131.138620,17.376646,51.455644,3
626,4.687919,109.290517,12.457569,51.141755,3
627,-0.000000,50.265857,8.303106,54.177628,3
628,8.323360,8.031277,18.074895,33.300354,2
629,8.733333,46.675083,6.707378,27.936703,2
630,8.675775,72.222587,7.026208,40.000000,2
631,8.523150,126.691007,17.269558,42.740240,2
632,2.477236,197.219619,11.082202,43.190409,2
633,8.726127,41.431329,5.741928,23.166562,1
634,-0.000000,151.416788,16.114462,67.394875,3
635,-8.540610,177.265622,3.584899,13.284717,1
636,-8.675631,94.445972,20.263655,61.162697,3
637,8.733333,31.782705,4.888916,13.222719,1
638,-0.000000,162.184157,1.839392,40.000000,2
639,8.684249,95.301551,1.621434,37.824480,2
640,-5.488480,23.257506,16.930136,39.695845,2
641,4.666667,175.144123,17.988895,39.986157,2
642,4.698563,127.037276,16.289362,51.957201,3
643,-4.333333,19.456270,16.681473,47.043334,2
644,4.674168,181.687891,21.146290,25.123841,2
645,4.755466,7.003204,10.261349,28.522897,2
646,0.000000,7.949939,17.313923,60.293930,3
647,4.666667,197.713578,9.296498,25.170488,2
648,-4.355724,137.236320,20.762059,26.997367,2
649,0.000000,75.337839,0.028917,68.333333,3
650,-4.368454,100.864851,21.587894,55.357424,3
651,-5.364670,152.699136,12.544272,51.124541,3
652,-4.353981,9.774959,7.622352,27.007121,2
653,-8.719999,145.185531,12.265067,49.989184,2
654,4.703766,140.265612,6.595263,24.938949,1
655,0.229323,91.778165,3.499602,65.707376,3
656,4.666667,116.458962,14.635638,56.585407,3
657,5.748500,67.817960,15.052461,65.745493,3
658,-0.000000,34.125083,17.433006,59.712788,3
659,4.688367,79.838681,7.669738,48.307919,2
660,2.164438,183.955439,5.501644,35.190599,2
661,0.000000,45.209087,7.590074,50.902256,3
662,3.754170,72.201339,7.229917,52.928108,3
663,8.733333,64.912403,20.404682,37.264778,2
664,8.733333,16.716423,16.633594,37.835960,2
665,-2.725191,102.533107,6.341250,49.851774,2
666,-4.367753,166.572965,13.335957,56.614195,3
667,4.666667,180.922700,16.852646,44.620537,2
668,-0.000000,144.719182,18.615352,55.402017,3
669,-0.000000,76.599165,19.843586,85.669434,4
670,-4.370196,59.603411,13.105557,56.648162,3
671,8.733333,138.342327,1.507795,13.222719,1
672,-4.333333,176.091385,4.796954,27.122607,2
673,-4.574291,184.909662,19.126987,42.578514,2
674,-5.302525,16.250555,9.112793,20.735624,1
675,0.000000,96.534603,14.546601,84.014935,4
676,4.681040,25.653011,17.236666,42.912544,2
677,4.679965,50.582232,5.453492,37.140245,2
678,-8.732919,176.792307,12.197356,49.352948,2
679,8.733333,39.255383,5.050879,20.405836,1
680,4.730286,24.270731,0.152081,24.772156,1
681,8.723304,108.738999,16.866067,53.108998,3
682,-5.331537,62.924150,0.480331,40.110900,2
683,8.733333,76.408183,8.648276,40.000000,2
684,8.525178,158.307853,5.555883,13.289712,1
685,8.733333,167.835896,4.492772,13.222719,1
686,8.733333,136.047277,14.570148,40.000000,2
687,8.672293,83.384401,20.124326,40.000000,2
688,4.666667,128.577962,0.151856,34.503482,2
689,-4.346884,42.816290,16.421310,54.490453,3
690,-0.000000,123.454161,17.592757,63.203655,3
691,-4.333378,135.038229,19.971577,27.940112,2
692,0.000000,120.204697,21.440627,57.225835,3
693,8.733333,69.261901,2.636997,39.614470,2
694,-1.726339,72.880274,11.417335,65.648068,3
695,1.914841,34.296215,18.083446,51.833374,3
696,-0.016533,159.072314,14.014502,68.333129,3
697,4.669989,98.533382,20.986028,48.330699,2
698,4.730963,70.924571,20.832380,52.532403,3
699,-4.369151,155.012240,21.265315,26.922092,2
700,8.733333,47.360961,1.481572,28.414962,2
701,-0.000000,168.966690,9.625765,40.000000,2
702,8.733333,163.305394,7.058479,13.222719,1
703,3.758899,169.245673,2.949145,29.922396,2
704,4.680585,74.037370,2.960873,48.350000,2
705,-8.727744,76.645906,17.730849,68.308450,3
706,-4.415785,172.266950,11.544814,42.562216,2
707,4.767856,92.781839,20.773653,50.702634,3
708,4.469741,114.109644,21.743482,42.896371,2
709,8.733333,139.061362,9.017672,13.369137,1
710,0.000000,192.183455,8.166133,40.000000,2
711,8.683822,109.262596,4.990790,32.402013,2
712,4.666667,127.315315,9.812681,35.886886,2
713,6.474937,114.178498,5.856872,30.263877,2
714,8.733333,185.422429,10.100121,15.548965,1
715,-2.707102,172.753114,9.523917,33.671421,2
716,4.740113,33.967850,5.711716,24.710078,1
717,4.477342,35.739806,2.941719,28.035903,2
718,8.526833,48.700874,9.223025,29.288639,2
719,8.420115,150.355871,11.150931,26.651636,2
720,-8.712847,39.826875,7.135140,21.185027,1
721,-4.347182,196.588102,15.063154,67.990285,3
722,4.741167,141.927740,9.748057,24.703411,1
723,-4.333333,35.087229,9.584588,27.325892,2
724,0.050657,171.659478,17.446517,59.597206,3
725,-0.000000,181.882297,17.942240,57.997877,3
726,-4.345773,192.332616,16.546478,58.172457,3
727,-4.368112,114.119941,17.363631,54.842523,3
728,8.729049,112.575846,11.027884,38.460285,2
729,2.124804,35.332241,12.214002,50.895854,3
730,-0.000000,102.735812,13.876494,80.394324,4
731,8.733333,109.694383,2.155762,32.221355,2
732,-4.333333,33.055489,5.404876,27.122607,2
733,8.686812,98.778608,13.545953,59.026964,3
734,8.728002,107.023453,6.709119,33.326338,2
735,0.865755,39.761432,16.873287,61.966082,3
736,-4.350447,124.633782,5.879040,38.914325,2
737,4.666667,5.263079,0.869139,25.170488,2
738,-0.653918,63.758192,6.524359,59.910587,3
739,-4.545721,106.599907,12.240029,51.478970,3
740,-4.370866,65.354747,21.319638,61.735789,3
741,8.727794,120.438088,15.160744,51.083594,3
742,-4.344304,72.386545,15.793391,72.971933,3
743,-4.397203,26.984127,12.298641,42.361075,2
744,-4.333333,182.762701,11.733793,44.325449,2
745,4.686532,128.111767,19.265928,41.108763,2
746,-8.706687,131.754828,8.648169,17.373831,1
747,8.733333,135.066066,10.077473,15.242717,1
748,-8.620025,148.911543,4.581395,13.259083,1
749,0.000000,168.435515,16.660010,63.610405,3
750,-1.400579,103.331434,12.027225,60.993857,3
751,-0.000000,30.373740,7.862540,40.000000,2
752,-4.413649,76.132855,15.421951,72.740100,3
753,8.703985,164.203880,2.402895,13.232114,1
754,4.568099,34.272876,0.145437,25.779161,2
755,2.077986,65.995056,13.140646,68.745297,3
756,-4.333333,193.294397,14.501873,67.989083,3
757,0.969989,161.258519,12.760141,56.886037,3
758,-4.361866,44.437586,20.018935,47.091406,2
759,4.666667,199.954625,13.992135,48.388744,2
760,8.553512,12.747739,11.562348,29.580017,2
761,2.300057,85.096624,5.711708,58.826621,3
762,-4.333333,80.867630,1.125759,50.161881,3
763,0.000000,80.058577,16.102903,87.000000,4
764,8.605262,22.384529,3.614411,13.263839,1
765,8.733333,84.862155,6.168734,40.000000,2
766,2.491171,122.709177,5.707404,44.655019,2
767,-5.959927,197.612257,12.036111,47.796380,2
768,8.408434,43.980156,11.907906,42.908514,2
769,4.670098,70.816216,17.338490,61.694755,3
770,-1.802631,53.248376,19.131322,57.737897,3
771,7.957018,58.299607,17.325892,52.439297,3
772,-4.333333,37.677908,21.327413,35.711166,2
773,-4.453081,4.571925,3.970298,26.446034,2
774,4.786714,89.880836,20.473177,52.083647,3
775,4.667361,48.728039,0.993341,37.217502,2
776,4.666667,173.745309,5.294209,25.170488,2
777,4.550989,105.722153,0.194811,40.919748,2
778,6.497053,182.827034,14.775058,40.000000,2
779,6.095787,194.786035,19.905891,16.927912,1
780,1.109139,117.085192,12.593159,63.312315,3
781,4.528105,23.795077,3.420148,26.013699,2
782,4.666667,185.306518,11.052084,36.352580,2
783,0.000000,118.712154,12.490123,65.376232,3
784,-4.416461,176.723061,4.141979,26.654925,2
785,8.631082,84.895186,7.132322,40.000000,2
786,-0.000000,121.451477,15.752822,73.734357,3
787,-0.000000,14.152716,12.164432,56.419680,3
788,4.765016,184.954486,3.130198,24.552359,1
789,-4.338274,128.415883,8.367998,35.954917,2
790,-4.392208,20.899934,8.724523,26.792263,2
791,-0.000000,140.045015,12.688317,59.468243,3
792,4.666667,79.160866,0.426833,48.425147,2
793,8.733333,16.980950,12.706761,35.325361,2
794,8.146651,42.895774,20.508314,24.745116,1
795,4.732385,49.759780,2.351201,36.819290,2
796,0.000000,45.330627,16.107295,73.201180,3
797,-4.333333,140.600878,21.351501,27.122607,2
798,0.000000,150.830517,13.395482,63.828871,3
799,8.127806,109.457327,15.832643,56.260395,3
800,8.733333,110.696684,6.660551,31.794495,2
801,2.404720,126.114558,10.098493,43.150676,2
802,-4.333333,197.091390,1.056629,27.122607,2
803,7.646156,126.855641,8.477746,22.385541,1
804,-4.333333,120.091123,7.957760,39.264887,2
805,-4.352435,181.837391,6.326849,27.015769,2
806,4.714390,114.167327,17.967680,48.753517,2
807,-0.239211,67.083984,9.911618,63.606441,3
808,4.744092,191.427832,17.745915,40.547723,2
809,5.013091,87.984624,17.383805,60.678608,3
810,-0.000000,120.308519,6.225073,51.152966,3
811,4.747962,144.052472,1.502803,24.660388,1
812,-4.390200,135.755668,1.208476,26.803598,2
813,8.730387,42.551802,14.025498,48.744058,2
814,8.706483,16.324675,9.334283,13.588333,1
815,8.733333,54.895882,19.921690,33.645831,2
816,-4.353756,173.503677,9.181059,27.008380,2
817,0.000000,111.871413,3.389283,55.188865,3
818,4.792591,92.925554,11.879984,56.522025,3
819,5.204478,86.060180,20.616010,48.477727,2
820,4.223872,154.797184,14.541011,50.716956,3
821,7.357431,130.784084,8.682464,18.980278,1
822,4.783595,131.545854,5.697792,30.151128,2
823,-4.365975,32.204181,18.654068,39.069982,2
824,-4.333333,86.475365,20.791234,73.008791,3
825,8.553783,101.017217,8.293996,35.577559,2
826,-4.365720,75.066456,1.480164,49.997694,2
827,-0.000000,96.074446,3.994799,63.202041,3
828,4.672955,68.484281,12.666448,60.458426,3
829,-4.385592,155.429288,4.089471,26.829590,2
830,2.193410,76.788772,6.411864,59.230878,3
831,-0.000000,142.311285,10.156610,41.592026,2
832,-4.336012,96.186681,7.633504,46.757435,2
833,5.988436,145.836044,6.999646,14.703442,1
834,-6.401118,187.511848,10.118121,17.964440,1
835,1.770975,103.450881,5.189688,53.444400,3
836,-6.946310,180.613750,0.610545,14.011276,1
837,4.666667,43.638528,14.485976,55.282292,3
838,-4.333333,174.643868,3.493678,27.122607,2
839,3.729218,16.538586,17.658577,45.418414,2
840,-4.354487,93.080683,8.988755,48.352396,2
841,-4.333333,4.385965,7.202621,27.122607,2
842,6.536246,161.656110,16.412324,38.424557,2
843,1.520522,35.841900,16.419742,59.941831,3
844,-0.000000,33.078449,3.827009,40.000000,2
845,8.733333,36.320693,2.585986,15.735906,1
846,4.701628,138.287313,3.828826,24.952349,1
847,5.723690,42.752704,13.803002,49.585976,2
848,8.586521,59.620972,18.521586,49.916271,2
849,-0.000000,153.667029,11.221823,50.438142,3
850,4.748515,100.230019,3.646802,42.612490,2
851,-4.333333,181.892961,15.714716,67.989083,3
852,8.733333,11.570581,19.954821,15.366659,1
853,-4.352803,87.350386,4.807830,50.063253,3
854,-5.934283,114.450949,19.161152,43.889381,2
855,7.701560,113.013432,4.660391,30.787675,2
856,-0.000000,164.763313,18.406629,56.364295,3
857,8.522393,25.219765,18.904637,29.926388,2
858,1.732333,60.023356,11.514304,57.989289,3
859,-4.516216,0.424405,10.501981,32.681821,2
860,-4.339211,190.221472,19.577429,36.787856,2
861,1.172714,153.259873,1.431676,37.553268,2
862,1.734646,150.260832,11.208035,45.855634,2
863,-0.000000,27.772967,13.657555,65.648902,3
864,2.445311,69.863909,16.138484,78.008823,4
865,0.000000,30.268112,5.059917,40.000000,2
866,3.424902,99.344136,0.481181,49.051233,2
867,7.246051,161.730451,3.057756,13.848253,1
868,3.312771,126.573759,16.929164,54.717478,3
869,0.000000,137.680300,21.334834,40.000000,2
870,-6.413038,127.914044,8.509477,22.413079,1
871,-4.397537,145.864345,21.855411,26.762155,2
872,-4.333333,171.969142,7.180656,27.122607,2
873,-0.000000,125.391076,3.017543,48.100175,2
874,4.748715,36.118275,8.464580,27.401601,2
875,4.313248,114.661309,12.377988,51.063784,3
876,4.666667,32.713231,13.944379,48.169089,2
877,-4.333333,181.210347,11.915340,45.137604,2
878,4.697466,15.468557,6.929855,24.978415,1
879,0.000000,67.706930,3.505188,65.668322,3
880,-4.375013,116.123509,3.357557,39.014763,2
881,-4.855299,95.047031,3.012917,44.701685,2
882,-8.719323,161.064097,15.615669,68.308178,3
883,-4.402496,106.155628,10.227018,42.486596,2
884,-4.367807,45.462066,2.491966,39.043462,2
885,-1.000419,141.896995,15.419335,68.292652,3
886,2.497192,29.726511,3.959695,34.283410,2
887,-4.375153,131.623236,17.680698,49.065289,2
888,-4.406138,126.796510,11.307034,45.219886,2
889,8.733333,45.861250,12.065644,44.775031,2
890,6.241319,36.445603,4.572585,17.304769,1
891,-0.000000,33.270502,17.260955,60.470405,3
892,-5.529458,29.921418,11.582772,33.247040,2
893,-4.370430,40.549480,12.562514,48.134505,2
894,-5.541857,190.991780,9.284897,18.787412,1
895,8.567480,3.181668,15.865439,40.000000,2
896,6.461681,191.502870,1.609043,14.296189,1
897,2.890267,5.138457,13.086962,52.077529,3
898,3.267867,194.222133,18.963502,45.237205,2
899,-4.397212,59.519135,9.873623,42.885355,2
900,4.683222,105.014616,14.356703,59.579835,3
901,8.733333,172.467842,6.676409,13.222719,1
902,-8.685885,179.280981,13.363679,60.534444,3
903,-8.400645,37.802111,6.135851,18.245422,1
904,4.787343,132.143911,17.590371,42.654785,2
905,-4.370065,188.246188,17.515721,48.377421,2
906,2.440458,195.141425,20.989912,34.445052,2
907,4.771552,21.587051,9.775440,24.510847,1
908,8.733333,35.779846,10.051422,16.831060,1
909,4.413250,149.310285,13.195977,46.105240,2
910,4.680631,9.893705,18.537680,37.968624,2
911,-4.336719,14.256976,0.686410,27.103700,2
912,4.833503,97.825104,4.119943,43.386758,2
913,-4.827477,169.978764,20.759077,24.146419,1
914,5.227676,199.408289,20.854287,21.307197,1
915,8.733333,0.878523,9.965657,14.138769,1
916,-0.000000,108.521493,17.838316,67.347131,3
917,5.225349,172.269635,20.435342,21.324753,1
918,-1.992931,181.827805,14.799780,68.194309,3
919,4.666667,169.070112,8.191310,25.170488,2
920,8.527379,175.774577,8.925305,13.313115,1
921,-0.000000,149.236448,9.654126,40.000000,2
922,4.667459,23.497876,14.930282,48.420874,2
923,-1.464395,101.804451,10.231547,55.194289,3
924,4.673500,33.766353,20.971812,25.127998,2
925,4.721766,166.222301,7.803356,24.825858,1
926,1.644717,185.602171,7.458459,36.480498,2
927,3.132233,33.896886,19.708921,38.063127,2
928,8.703811,176.747464,11.999554,32.086214,2
929,1.538505,77.572579,16.484242,77.434641,4
930,2.772567,76.513892,2.747298,57.016125,3
931,-8.732816,54.290585,9.971166,32.039341,2
932,-6.914002,173.576629,1.644488,14.029525,1
933,-2.578202,148.300491,14.593493,68.116477,3
934,3.536937,89.574546,15.480336,75.854697,4
935,1.966277,141.927772,20.216913,35.699043,2
936,8.733333,188.866257,14.521582,40.000000,2
937,8.733333,34.823575,15.182308,40.000000,2
938,4.669593,48.919257,18.781919,45.998007,2
939,-8.469894,128.185825,10.293838,26.531954,2
940,8.527456,161.722502,10.086531,15.365537,1
941,5.263816,170.674201,17.734292,37.910909,2
942,8.712879,79.623529,18.144879,57.258975,3
943,4.808176,23.098762,4.189594,24.275058,1
944,-4.333333,16.056190,0.564811,27.122607,2
945,5.072685,72.093524,1.249929,46.138166,2
946,-0.000000,165.781110,3.144583,40.000000,2
947,-4.370531,42.921941,3.771212,38.851429,2
948,-4.405095,158.208065,13.768585,63.310100,3
949,8.733333,130.937663,0.649335,18.319177,1
950,-4.417021,5.229290,10.391310,31.867801,2
951,-4.339919,157.155257,14.925741,67.989655,3
952,4.775978,184.512609,2.525357,24.482697,1
953,8.733333,98.462626,5.193406,36.575432,2
954,4.402142,166.802331,6.359773,26.736106,2
955,3.909971,26.270737,3.800638,29.249354,2
956,-4.336424,151.956694,7.121535,27.105348,2
957,8.733333,185.147236,17.624422,34.670120,2
958,-0.000000,166.541515,6.591941,40.000000,2
959,5.012096,51.880232,17.063766,51.917905,3
960,-4.336127,42.604353,12.160958,48.217035,2
961,8.733333,104.462956,12.203218,48.561676,2
962,5.251820,79.471420,16.074240,69.375639,3
963,-4.333333,95.821957,17.019746,61.811683,3
964,4.666667,198.780728,19.818636,30.325085,2
965,-0.410024,120.895692,3.039677,49.960405,2
966,-0.000000,188.981729,17.469690,59.651956,3
967,-0.000000,98.088443,4.167094,61.891811,3
968,4.141303,87.589312,0.637436,51.117747,3
969,-4.518343,154.531114,2.802518,26.070084,2
970,-4.410540,148.813313,2.942185,26.688528,2
971,0.000000,88.580814,2.822841,68.333333,3
972,8.733333,10.600011,20.575715,13.658524,1
973,4.743802,17.564369,6.011061,24.686735,1
974,8.666451,159.597192,20.738944,13.534347,1
975,-4.339888,131.116475,14.039311,70.068972,3
976,8.704175,6.467111,19.195678,27.779203,2
977,8.720471,111.413366,8.075611,31.487779,2
978,4.667303,143.960311,5.196442,25.166536,2
979,-0.000000,22.081610,4.121001,40.000000,2
980,0.000000,43.329475,12.004284,61.038874,3
981,8.640976,162.204043,5.612562,13.252341,1
982,-4.385274,27.732377,6.728119,26.831382,2
983,-4.844642,176.379840,0.342070,24.031481,1
984,5.537291,184.711212,12.924738,38.821623,2
985,4.821195,2.551113,21.176283,24.188358,1
986,4.075697,75.431851,18.696649,58.699574,3
987,4.717357,33.562338,0.174687,24.853605,1
988,4.366065,108.044559,13.948562,58.709960,3
989,-0.000000,20.332487,7.904405,40.000000,2
990,8.733333,7.853549,2.509312,13.222719,1
991,3.530669,186.645822,11.897994,44.348533,2
992,8.733333,194.318377,9.161270,13.463545,1
993,6.477214,72.185604,11.376167,51.500095,3
994,8.580285,128.841081,19.494703,32.522203,2
995,4.666667,13.589460,3.286710,25.170488,2
996,4.704716,41.582399,9.562883,36.056568,2
997,8.733333,7.920769,1.298854,13.222719,1
998,4.034701,93.871863,8.382661,49.456093,2
999,-4.825803,30.019345,15.892128,47.554054,2
1000,8.733333,198.261384,2.092623,13.222719,1
1001,4.696591,85.412470,14.678189,71.824930,3
1002,4.720541,191.074421,6.520812,24.833570,1
1003,8.733333,144.849407,13.168381,37.103482,2
1004,-5.289372,116.178342,3.340744,33.451539,2
1005,4.740817,108.051581,9.600296,38.986148,2
1006,3.664319,141.088238,0.279011,30.320581,2
1007,4.814975,1.005777,5.038505,24.229816,1
1008,-4.334016,156.503156,5.800952,27.118795,2
1009,-4.333333,185.371915,11.250475,40.055995,2
1010,4.724800,1.659131,4.731868,24.806747,1
1011,-4.350380,164.925669,7.614415,27.027260,2
1012,7.920498,153.467174,16.451976,38.408980,2
1013,-0.000000,199.427379,9.099628,40.000000,2
1014,8.474022,45.530614,1.226556,27.080419,2
1015,4.744627,183.908441,8.580619,24.681512,1
1016,0.206518,128.399861,10.438647,48.386928,2
1017,0.000000,21.064037,18.157056,57.313513,3
1018,8.733333,53.632183,6.680159,32.051141,2
1019,-5.103789,152.768753,18.079383,46.935188,2
1020,8.733333,161.102031,12.444955,34.215076,2
1021,-4.379948,20.850600,1.196396,26.861386,2
1022,-0.000000,93.951755,5.720312,64.773621,3
1023,-5.598802,43.812378,12.960278,47.549769,2
1024,4.713074,184.541581,10.554140,32.389505,2
1025,-5.050004,64.064526,4.370314,42.414629,2
1026,0.000000,171.508762,5.258279,40.000000,2
1027,7.685778,51.969334,17.164257,50.761626,3
1028,4.691494,175.612589,13.580818,46.403244,2
1029,4.220726,37.653523,3.170834,33.084699,2
1030,4.825850,151.838767,15.754904,47.553789,2
1031,4.690034,6.337860,8.833141,25.024894,2
1032,-4.763828,128.467831,10.172478,35.359548,2
1033,8.733333,113.374183,15.560204,54.520470,3
1034,8.733333,75.281909,8.826632,40.000000,2
1035,4.894710,42.509676,0.316479,34.875055,2
1036,8.648543,158.431368,1.642090,13.249908,1
1037,2.385467,29.088696,13.003500,53.452435,3
1038,4.676866,97.828490,9.812033,44.196300,2
1039,4.666667,2.569149,20.385653,25.170488,2
1040,4.221456,37.322405,2.087654,32.485703,2
1041,-3.297136,97.046091,8.259213,50.853098,3
1042,-4.403920,167.645215,12.011975,45.781118,2
1043,3.546065,28.211394,2.456924,30.797282,2
1044,-4.384209,146.443397,19.898191,29.694446,2
1045,8.733333,138.213383,13.932094,39.762449,2
1046,8.733333,6.898524,19.919056,16.288215,1
1047,-4.540118,97.771453,13.872165,69.876258,3
1048,-0.000000,194.278082,0.313022,40.000000,2
1049,0.000000,22.490276,6.962511,40.000000,2
1050,8.465988,148.642755,2.461156,13.310161,1
1051,8.733333,127.708274,13.848189,45.943573,2
1052,-8.705692,118.836583,1.335608,27.952730,2
1053,8.733333,99.724503,14.827888,60.825509,3
1054,-4.334843,113.570532,10.503660,41.638787,2
1055,5.157134,85.300850,6.722008,45.631947,2
1056,8.659327,15.247888,11.359326,28.219579,2
1057,-0.000000,58.117331,15.554621,81.010503,4
1058,8.733333,112.267009,17.899442,47.841193,2
1059,8.733333,126.666694,6.947783,22.553901,1
1060,4.687889,186.155172,6.848648,25.038293,2
1061,-4.333670,195.553832,7.589491,27.120726,2
1062,-4.381640,18.719309,14.658708,49.916755,2
1063,0.000000,132.346989,18.943576,54.552780,3
1064,-4.392198,120.554580,16.759144,60.911514,3
1065,-8.682543,94.763573,19.268427,59.672795,3
1066,4.675984,71.251268,19.167181,56.064107,3
1067,8.733333,95.115688,3.801389,37.901883,2
1068,4.717767,134.204404,18.704928,37.714966,2
1069,4.749955,191.929039,21.110944,24.647755,1
1070,8.733333,17.816853,16.944554,36.807988,2
1071,8.733333,159.548492,19.250338,27.267569,2
1072,4.927121,118.155149,1.483096,35.582107,2
1073,8.642903,182.439351,14.229429,40.000000,2
1074,8.498691,20.225864,7.130125,13.298345,1
1075,4.668355,58.658929,14.087632,60.018396,3
1076,-0.000000,10.317641,19.354523,49.891042,2
1077,0.000000,100.825636,8.220029,60.345196,3
1078,1.912321,153.675150,16.868226,55.694465,3
1079,2.739495,56.597075,3.697906,48.517933,2
1080,-0.000000,45.072049,11.433943,58.993085,3
1081,4.747390,66.257929,13.804023,65.051158,3
1082,-0.000000,90.650270,15.706101,86.679501,4
1083,8.652341,147.476928,6.740714,13.248687,1
1084,-0.000000,101.977131,5.801116,59.751797,3
1085,2.491958,76.502838,20.152077,67.537200,3
1086,4.666667,181.096643,13.530754,46.314276,2
1087,4.666667,193.051550,2.049851,25.170488,2
1088,-4.347286,125.653471,13.809338,69.196474,3
1089,7.381007,26.406234,4.224617,13.779038,1
1090,8.733333,123.660356,17.093223,45.311434,2
1091,-0.000000,76.604021,19.019011,84.728899,4
1092,8.733333,198.238750,7.338795,13.222719,1
1093,-0.000000,57.365457,2.979108,58.050790,3
1094,8.733333,141.238286,16.840277,37.147901,2
1095,4.671784,107.041180,7.009502,39.751520,2
1096,-0.000000,38.642208,5.552349,44.814179,2
1097,-4.375305,137.887020,4.401641,26.887510,2
1098,0.000000,10.091001,1.518217,40.000000,2
1099,2.962356,36.886823,12.142036,48.895178,2
1100,7.951461,9.131665,8.883856,13.510994,1
1101,6.108344,177.008300,16.502548,38.021962,2
1102,5.665673,167.958877,10.718037,26.171132,2
1103,-4.333333,23.631049,8.465295,27.122607,2
1104,8.719054,82.082971,1.350987,40.000000,2
1105,8.733333,24.045718,4.701213,13.222719,1
1106,8.543583,114.418504,11.965214,45.378968,2
1107,-4.333333,189.878027,9.034181,27.122607,2
1108,4.844081,51.277032,19.821191,40.035244,2
1109,3.639339,197.973087,1.238370,30.424213,2
1110,6.058307,69.961608,9.757203,39.976375,2
1111,-4.380484,41.704475,11.831876,46.022708,2
1112,-3.228793,133.165432,2.949333,34.312641,2
1113,4.849004,194.668941,11.900839,38.702115,2
1114,4.666667,124.539964,18.862100,43.267512,2
1115,4.684866,12.707579,4.356382,25.057165,2
1116,-5.317242,74.701907,3.423400,44.646919,2
1117,-6.464396,33.250307,1.350311,14.294521,1
1118,8.733333,46.255616,14.543628,51.659390,3
1119,8.499737,10.441727,0.409258,13.297967,1
1120,8.733333,180.351263,6.404265,13.222719,1
1121,0.000000,158.658340,21.424124,40.000000,2
1122,-4.349403,74.602865,16.822090,72.954801,3
1123,0.000000,166.410941,5.361046,40.000000,2
1124,4.666667,150.766911,15.006553,48.425147,2
1125,-4.356087,124.372619,3.032799,38.903552,2
1126,8.733333,78.818636,13.855857,67.116141,3
1127,0.000000,71.855592,18.854323,85.226742,4
1128,0.000000,17.770492,19.795563,43.879041,2
1129,4.666667,68.335401,7.664105,47.298142,2
1130,8.559485,109.734119,10.698824,37.379826,2
1131,-0.846382,92.109492,14.949385,84.696574,4
1132,-4.347683,129.090475,15.490682,71.122398,3
1133,4.671281,102.704168,10.139449,42.488516,2
1134,-5.019040,162.885294,8.013991,22.840612,1
1135,4.666667,19.436641,6.165835,25.170488,2
1136,8.733333,92.742712,1.676498,38.866795,2
1137,0.454611,117.963498,9.781749,51.385453,3
1138,-4.333333,37.434414,3.645539,32.221277,2
1139,4.804996,122.266029,8.772477,35.965914,2
1140,-8.654477,10.388396,20.252863,13.933068,1
1141,4.666978,115.145390,11.249356,43.692914,2
1142,2.314865,168.468940,20.111131,34.789179,2
1143,8.716585,99.945195,2.022547,36.003813,2
1144,8.510447,87.804978,21.846818,40.000000,2
1145,4.191141,29.811417,2.121540,27.873718,2
1146,8.727430,5.655890,6.889245,13.224608,1
1147,-5.257872,151.333958,17.278252,52.163458,3
1148,-0.000000,159.221247,13.252806,62.892906,3
1149,8.689388,58.711119,10.249984,36.195947,2
1150,8.733333,23.041349,6.558890,13.222719,1
1151,6.927694,75.018326,2.929801,40.000000,2
1152,-0.000000,165.778749,6.490197,40.000000,2
1153,4.679579,168.355316,3.665796,25.090138,2
1154,8.733333,133.047690,6.976287,15.786431,1
1155,-4.627617,192.027995,2.416473,25.412990,2
1156,4.886180,188.623578,18.305935,37.798126,2
1157,0.224195,22.539898,21.375041,39.535123,2
1158,8.733333,129.657490,4.801968,19.699781,1
1159,-0.000000,96.160810,15.533708,84.166279,4
1160,8.657699,13.304138,0.858301,13.246965,1
1161,8.733333,179.554245,13.558493,38.485911,2
1162,3.867650,99.446026,14.726012,64.917491,3
1163,4.666667,154.260686,0.818434,25.170488,2
1164,8.733333,12.072446,0.073360,13.222719,1
1165,4.666667,52.491493,3.134216,37.748813,2
1166,4.447583,130.213874,18.972920,41.188302,2
1167,4.679129,26.720782,6.072823,25.092943,2
1168,-0.000000,127.709147,11.697214,57.242040,3
1169,6.635656,76.988619,11.488869,52.252114,3
1170,4.741542,153.139625,12.487590,41.481842,2
1171,4.666667,130.583136,7.326716,32.032904,2
1172,5.723150,76.297813,9.095164,41.984792,2
1173,8.733333,60.003717,9.115659,34.968478,2
1174,-0.138135,68.027911,21.646279,81.419671,4
1175,8.733333,183.785307,1.270265,13.222719,1
1176,5.470382,91.253363,8.723943,43.027749,2
1177,8.733333,88.499391,17.409053,59.769017,3
1178,0.000000,90.837164,13.072080,81.605143,4
1179,2.656058,189.056402,6.810388,33.824413,2
1180,3.613504,43.823791,19.839664,48.342526,2
1181,0.166720,176.480559,2.048794,39.656506,2
1182,-4.401205,3.975085,7.018597,26.741409,2
1183,6.757808,68.352977,19.513156,47.068801,2
1184,4.202549,153.205489,14.463497,50.824293,3
1185,4.626460,68.560740,15.059372,69.808826,3
1186,4.760732,123.761281,10.426870,38.467383,2
1187,-4.333333,90.604232,3.107371,49.822314,2
1188,3.675466,2.032521,20.920347,30.274143,2
1189,4.674810,119.816233,19.417775,43.147081,2
1190,-4.396049,120.313670,9.623648,38.866510,2
1191,7.035212,129.883490,18.369050,36.822812,2
1192,8.733333,68.544127,7.153155,39.248229,2
1193,0.167781,98.659851,8.088065,61.024865,3
1194,8.465881,140.354789,17.486468,35.057078,2
1195,-4.351609,177.560520,2.184792,27.020389,2
1196,8.733333,11.011569,20.939194,13.396090,1
1197,-4.409056,19.672390,0.032426,26.696942,2
1198,4.666667,129.956557,6.498709,32.852403,2
1199,0.000000,152.814178,1.066000,40.000000,2
1200,8.429400,197.591788,9.740288,13.926880,1
1201,4.043735,25.064958,17.376620,45.301469,2
1202,4.684256,72.895435,20.097454,52.904408,3
1203,8.435832,135.246018,11.731596,30.610037,2
1204,4.712092,75.151634,17.689682,59.966378,3
1205,4.676807,172.691698,12.378528,41.362132,2
1206,8.688131,58.395350,16.519282,56.252190,3
1207,-4.792582,26.694998,0.203068,24.376810,1
1208,8.733333,134.530103,10.489267,21.291867,1
1209,-4.354080,40.516996,5.507250,37.060618,2
1210,4.780997,173.703040,6.774202,24.450737,1
1211,0.435149,150.231464,21.272880,39.103403,2
1212,1.432004,83.875930,4.593696,62.120098,3
1213,4.125120,0.046213,11.450478,40.579550,2
1214,4.680069,29.892746,4.962015,25.087084,2
1215,8.733333,54.766860,12.478353,49.453088,2
1216,-4.333333,174.485004,21.959598,27.122607,2
1217,-8.722515,120.250229,2.901037,27.155671,2
1218,8.733333,64.237691,21.002885,37.037098,2
1219,4.738303,56.858615,2.725305,39.715961,2
1220,-8.504821,87.063161,4.097241,40.000000,2
1221,4.768770,180.751810,14.223060,47.870470,2
1222,-4.333333,185.021129,2.819720,27.122607,2
1223,-5.141677,101.058490,1.789051,40.134201,2
1224,-8.400423,125.516362,14.502995,68.224432,3
1225,2.289472,143.852785,0.602775,34.857294,2
1226,-4.336094,4.782576,21.673956,27.107191,2
1227,2.461077,114.986500,11.865281,56.190473,3
1228,-4.738911,9.306893,8.224368,24.717679,1
1229,8.733333,84.506278,15.548167,68.308631,3
1230,0.000000,93.546852,20.843050,79.790540,4
1231,8.658273,4.525597,8.410102,13.246781,1
1232,4.780638,13.014808,15.243988,47.805483,2
1233,-4.411186,184.791267,13.245569,55.555175,3
1234,-0.000000,106.828573,17.055670,71.815334,3
1235,8.728551,73.359294,13.020353,61.444035,3
1236,7.238853,72.789236,8.275956,40.000000,2
1237,4.181294,30.274733,18.714282,40.215996,2
1238,5.253869,29.921720,4.966174,21.109361,1
1239,8.733333,70.160418,17.533082,59.279515,3
1240,-5.032788,67.193219,21.931382,63.719020,3
1241,2.019825,156.805569,6.188838,35.563786,2
1242,-4.333333,97.347842,15.628381,73.008791,3
1243,-4.358022,92.959603,14.622125,72.925842,3
1244,4.191339,26.250510,9.126382,27.872691,2
1245,5.295317,177.278294,10.961938,31.181805,2
1246,8.733333,134.911485,20.880707,13.558575,1
1247,4.666667,167.031928,20.969997,25.170488,2
1248,-4.833555,131.297587,16.124313,67.461431,3
1249,8.727177,196.783395,8.462960,13.224689,1
1250,8.733333,195.957974,0.881820,13.222719,1
1251,0.109567,50.030603,12.824539,68.450898,3
1252,4.666667,124.914141,12.423678,47.669052,2
1253,8.733333,145.648485,7.814018,13.222719,1
1254,7.082447,99.634063,19.364418,45.305277,2
1255,8.733333,169.965659,13.739663,39.104665,2
1256,4.700009,38.183641,13.728342,49.800815,2
1257,4.666667,24.828757,6.506311,25.170488,2
1258,-0.000000,0.558084,1.642958,40.000000,2
1259,-4.820371,30.590558,6.461532,24.193854,1
1260,4.892725,106.832165,5.164276,38.786136,2
1261,4.666667,102.126721,7.609742,42.082907,2
1262,4.727276,77.043176,18.666788,56.776652,3
1263,-1.308180,62.119291,3.528016,56.546023,3
1264,-8.663800,0.711089,3.473016,13.245005,1
1265,4.695439,163.048489,11.190504,36.413495,2
1266,-0.000000,127.683692,13.272622,65.866892,3
1267,6.392890,89.667876,3.550733,40.000000,2
1268,5.846728,48.817154,13.979995,53.596824,3
1269,0.368757,160.677017,18.566693,54.809876,3
1270,-4.731986,164.794177,17.209923,51.410720,3
1271,0.000000,170.438130,5.820460,40.000000,2
1272,4.101047,93.450351,6.923377,49.378500,2
1273,2.365819,194.139795,4.030303,34.652059,2
1274,8.733333,168.248803,9.844412,14.022749,1
1275,8.715095,15.709641,7.186930,13.228556,1
1276,0.922818,47.519778,6.155958,50.520243,3
1277,8.733333,163.514176,20.498806,13.719952,1
1278,8.733333,81.165743,8.793233,40.000000,2
1279,-0.000000,93.262444,8.347309,65.320697,3
1280,8.584955,190.307244,13.042622,36.640885,2
1281,8.623413,193.001061,1.507147,13.257992,1
1282,4.666667,153.056973,4.515229,25.170488,2
1283,8.178428,114.906718,15.919602,53.825072,3
1284,4.666667,183.185005,12.653247,42.524940,2
1285,-4.338165,99.086482,4.405115,45.202829,2
1286,4.679866,33.202475,18.556568,37.910743,2
1287,4.726208,65.199534,9.322060,44.895759,2
1288,4.666667,59.287221,11.984521,51.431841,3
1289,4.810817,111.659698,11.615282,46.312625,2
1290,8.733333,13.495361,4.072372,13.222719,1
1291,8.733333,13.795569,1.797174,13.222719,1
1292,8.505515,33.356916,10.210060,17.001166,1
1293,0.000000,189.487653,0.672205,40.000000,2
1294,4.666667,162.217684,9.569651,25.170488,2
1295,8.728276,142.091139,12.273029,33.435582,2
1296,8.733333,194.049112,14.053207,40.000000,2
1297,4.790704,199.685358,0.752783,24.388809,1
1298,-4.414458,197.490961,15.617810,67.997166,3
1299,4.744192,30.017316,3.725127,24.684266,1
1300,-4.396339,191.695761,13.054414,53.383462,3
1301,3.502554,106.091810,13.377428,59.061574,3
1302,4.779654,14.817303,16.991911,43.444539,2
1303,8.733333,62.364181,1.238020,36.157034,2
1304,8.733126,179.034156,18.803953,30.512045,2
1305,-0.000000,166.953662,8.454255,40.000000,2
1306,6.135617,0.469751,8.791617,14.501795,1
1307,4.734429,128.041969,7.159185,34.837455,2
1308,8.733333,160.636515,12.218582,33.178089,2
1309,8.733333,49.026151,6.499242,29.491875,2
1310,8.644148,12.824446,8.054640,13.251321,1
1311,4.810328,52.629664,7.679063,37.170947,2
1312,4.671751,20.544072,13.864929,47.781606,2
1313,-4.631633,96.743805,14.617726,72.034002,3
1314,8.664254,83.776893,21.826119,40.000000,2
1315,8.733333,76.257802,20.775948,40.000000,2
1316,8.733333,177.353023,7.707653,13.222719,1
1317,4.666667,84.111503,4.245955,48.425147,2
1318,2.143371,56.769574,20.230675,59.422526,3
1319,0.000000,9.636229,6.351225,40.000000,2
1320,8.733333,43.833197,12.118907,43.442186,2
1321,1.727241,47.835203,20.225131,55.476717,3
1322,-4.365719,5.851697,1.981067,26.941355,2
1323,8.658865,140.462184,5.669319,13.246591,1
1324,5.421306,1.527111,9.395055,19.781497,1
1325,8.733333,122.184136,12.709912,45.491924,2
1326,0.705696,81.617907,19.789471,78.372246,4
1327,4.852020,49.789335,4.800964,36.085570,2
1328,4.771556,130.491945,21.274701,35.400212,2
1329,0.000000,64.055418,9.547590,61.876272,3
1330,4.459559,20.734425,17.266093,43.876373,2
1331,-1.140400,107.112979,11.555145,58.061974,3
1332,7.157637,32.974048,7.288091,13.895518,1
1333,0.473299,176.687740,9.495060,38.975949,2
1334,8.505192,133.291402,15.793835,41.767823,2
1335,8.733333,169.548498,20.156666,14.021734,1
1336,4.807203,152.532213,19.580616,34.673129,2
1337,4.671156,161.402755,2.963533,25.142582,2
1338,5.726887,126.590489,2.638081,26.680446,2
1339,8.722756,142.085462,19.655953,21.819804,1
1340,4.670168,137.732708,14.367882,48.406258,2
1341,-0.000000,64.189572,0.886118,62.413366,3
1342,-0.399725,106.329699,11.103751,58.975564,3
1343,4.670589,174.638792,19.677976,33.558279,2
1344,6.943693,10.907935,8.486026,14.012751,1
1345,8.733333,100.080155,6.425141,35.953875,2
1346,7.486123,86.552643,5.148805,40.000000,2
1347,-8.633650,180.856498,4.420864,13.254697,1
1348,4.883934,126.036670,8.366733,34.547250,2
1349,4.691408,196.607244,13.085383,44.227475,2
1350,4.171366,117.040068,5.904491,40.276468,2
1351,-4.333333,168.127304,13.693738,61.915481,3
1352,8.733333,93.762756,17.700481,56.680456,3
1353,0.104177,109.044466,2.287368,56.195894,3
1354,-6.128782,35.820824,16.043287,41.200082,2
1355,-0.000000,126.892339,14.268986,71.446610,3
1356,4.832205,192.591755,10.442402,30.490018,2
1357,4.666667,106.802750,20.524066,44.120862,2
1358,4.672309,95.922850,2.121761,45.215725,2
1359,4.790395,158.733217,13.180352,44.123900,2
1360,3.803451,18.542744,5.138424,29.730373,2
1361,4.672572,176.159909,0.711223,25.133773,2
1362,1.205486,0.774707,12.756904,56.150655,3
1363,8.733333,102.305818,18.528359,50.190815,3
1364,4.310051,135.692727,12.251734,42.562592,2
1365,-0.000000,113.149529,18.477426,63.747598,3
1366,8.733333,95.691729,4.508950,37.671994,2
1367,-4.380699,64.102569,13.667608,62.964197,3
1368,-8.720627,120.315960,3.828460,27.117250,2
1369,-4.889503,182.630548,6.369876,23.728687,1
1370,-4.357547,136.503563,0.407065,26.987161,2
1371,3.572722,189.346694,15.432921,53.737775,3
1372,-1.326235,19.817802,20.946010,37.209994,2
1373,0.000000,102.205785,16.478205,77.323830,4
1374,-0.000000,22.025668,16.648003,63.682966,3
1375,-4.779717,109.052375,11.925960,49.116463,2
1376,-4.367536,137.757180,6.205383,26.931159,2
1377,-0.000000,29.483398,5.387247,40.000000,2
1378,8.733333,155.512208,6.299001,13.222719,1
1379,8.621804,79.810247,21.188957,40.000000,2
1380,-0.000000,179.659990,5.075298,40.000000,2
1381,8.733333,61.408775,11.821071,48.527810,2
1382,4.666667,12.210229,4.510182,25.170488,2
1383,-0.000000,43.894229,9.548908,49.877679,2
1384,2.754802,16.566587,3.128663,33.527527,2
1385,4.706562,190.079067,8.262843,24.921415,1
1386,-0.000000,3.274132,17.458334,59.696081,3
1387,-4.333333,22.933687,17.881944,41.923644,2
1388,8.733333,2.481989,19.883400,17.141051,1
1389,-4.379639,43.245466,11.888266,47.362168,2
1390,-0.000000,2.285506,17.992993,57.845470,3
1391,8.733333,128.489853,15.585166,45.897422,2
1392,4.793476,103.398188,0.950595,40.847372,2
1393,4.672875,49.108429,3.210812,37.183699,2
1394,8.732184,38.749468,5.133385,19.682898,1
1395,8.733333,18.174116,5.427424,13.222719,1
1396,8.730944,73.688333,3.746220,40.000000,2
1397,-4.398022,1.558582,5.171250,26.759413,2
1398,-4.414159,120.540264,6.060144,38.744851,2
1399,8.733333,95.770949,20.935346,37.605458,2
1400,1.560007,61.623538,7.626762,55.330575,3
1401,4.666667,148.888890,6.541083,25.170488,2
1402,3.408978,167.869856,8.897377,31.323235,2
1403,8.733333,52.486384,6.649223,31.451812,2
1404,-0.000000,102.847612,16.660844,75.672490,4
1405,-6.169723,89.354826,7.914366,40.000000,2
1406,4.672339,68.242229,2.747791,47.203841,2
1407,-0.000000,167.828361,13.578016,65.077211,3
1408,8.733333,196.498500,7.821428,13.222719,1
1409,4.679751,125.292900,7.984640,36.365792,2
1410,5.762228,36.255034,1.506742,20.475613,1
1411,4.210502,24.603403,19.077561,40.035960,2
1412,1.443997,115.993742,10.073716,50.394203,3
1413,1.827362,65.707161,1.707538,57.168368,3
1414,4.574704,53.637275,19.908266,43.030529,2
1415,-4.394528,110.047821,6.197309,39.673723,2
1416,-0.000000,36.103379,13.505313,65.123442,3
1417,5.726772,135.698374,14.560875,41.958978,2
1418,4.713281,11.137698,4.400541,24.879230,1
1419,8.512837,6.811437,21.119697,13.293710,1
1420,8.503804,57.303691,14.632332,57.928303,3
1421,4.743017,15.478009,11.908596,39.247169,2
1422,4.672118,180.114458,19.117315,37.128106,2
1423,4.817542,169.321189,12.255044,40.192976,2
1424,8.589582,79.139695,0.470759,40.000000,2
1425,6.079160,33.843053,10.618972,21.761885,1
1426,4.706053,86.090463,17.775683,59.632337,3
1427,3.504097,83.243627,16.192206,73.851183,3
1428,8.733333,145.752697,12.590697,34.845109,2
1429,8.662893,81.294736,0.197667,40.000000,2
1430,6.388535,190.361491,15.802170,40.000000,2
1431,-4.333333,182.397004,9.887385,27.122607,2
1432,4.807462,190.282863,14.511569,47.657306,2
1433,-0.000000,69.200241,16.570584,84.939847,4
1434,4.395155,58.048842,17.704258,51.962321,3
1435,-4.386136,177.340153,0.641423,26.826523,2
1436,-4.385294,42.006159,17.155980,50.519388,3
1437,8.733333,26.175310,12.481711,34.376136,2
1438,-5.330900,104.103177,1.674566,37.702219,2
1439,8.733333,181.092550,5.535680,13.222719,1
1440,-4.333333,80.506047,2.936000,50.161881,3
1441,4.795589,43.152250,12.418426,47.815686,2
1442,-0.000000,15.747897,11.901588,54.852552,3
1443,-4.375541,186.611972,1.516272,26.886183,2
1444,-0.000000,120.574312,21.745479,56.924383,3
1445,-4.387384,75.498435,5.524100,49.887514,2
1446,0.840250,132.986288,6.940406,40.308315,2
1447,3.589164,158.438053,6.614453,30.628805,2
1448,-4.333333,66.698426,0.924859,47.889001,2
1449,-8.700525,138.531773,11.613829,43.491334,2
1450,-4.336150,40.763135,5.632491,37.455067,2
1451,-4.334551,191.742719,8.991620,27.115808,2
1452,1.034585,142.366491,20.845278,37.835699,2
1453,8.636783,33.381318,20.224181,13.959078,1
1454,1.274450,88.555435,2.667361,62.731401,3
1455,4.666667,126.598714,13.022786,49.294259,2
1456,8.378513,185.993434,7.912348,13.341902,1
1457,-4.337510,105.866194,15.824753,72.994758,3
1458,8.733333,125.294885,11.518124,39.637431,2
1459,-4.333333,136.163785,5.738554,27.122607,2
1460,4.666667,184.639505,10.847745,35.606310,2
1461,-4.862002,30.566828,18.828390,36.269872,2
1462,-0.000000,81.144159,15.936938,87.000000,4
1463,-4.333333,62.495200,4.380427,45.072324,2
1464,8.496953,138.779792,3.460289,13.298972,1
1465,8.733333,178.137575,8.150461,13.222719,1
1466,8.584678,98.134193,18.969984,49.585650,2
1467,8.733333,161.164702,15.064778,40.000000,2
1468,-0.000000,65.287782,13.952353,83.701688,4
1469,-2.288559,109.975829,3.109112,49.876086,2
1470,-5.285566,77.756867,1.744649,44.840500,2
1471,0.429906,179.365801,19.275198,49.720071,2
1472,4.666667,135.224016,9.249431,25.170488,2
1473,8.538166,165.679390,10.728599,22.876875,1
1474,-4.333333,22.017770,10.127161,28.915498,2
1475,1.070679,55.845467,11.344899,57.375687,3
1476,4.666667,153.527233,5.983877,25.170488,2
1477,0.000000,43.211319,5.094756,49.307904,2
1478,8.733333,6.812426,19.789750,19.235317,1
1479,4.666667,87.310380,19.991341,53.043575,3
1480,4.688018,187.372742,13.280143,45.095137,2
1481,8.636409,52.417793,8.035203,31.415413,2
1482,4.749624,113.949100,13.168991,53.063951,3
1483,4.221264,71.910609,14.706717,73.385136,3
1484,8.733333,5.367726,19.680410,21.389381,1
1485,1.127644,100.083838,1.921382,57.105242,3
1486,-0.000000,165.402982,11.858228,54.587273,3
1487,5.022149,51.796484,9.425899,35.804223,2
1488,-0.000000,9.177001,13.577377,65.072645,3
1489,-4.845425,49.294321,12.295269,49.456820,2
1490,4.666667,132.146429,4.968715,29.847653,2
1491,8.733333,65.881938,2.299430,37.889062,2
1492,3.988089,131.899250,0.219508,33.231562,2
1493,-4.333333,2.600825,1.301373,27.122607,2
1494,-0.000000,143.613571,7.098352,40.000000,2
1495,-1.432914,78.223762,17.148483,82.976916,4
1496,4.774128,6.701052,7.380529,24.494467,1
1497,8.400144,81.203081,13.630509,65.385011,3
1498,4.768427,143.261527,21.843486,24.530704,1
1499,1.707746,184.267283,14.256125,61.062546,3
1500,4.745181,196.803149,11.875068,39.110506,2
